File ID	File Name	Data Category	Data Type	Project ID	Case ID	Sample ID	Sample Type
69531d59-6508-4074-a63a-27b047121681	03ddea6f-d377-4e2a-a59d-91d5c5b6e4ed.rna_seq.augmented_star_gene_counts.tsv	Transcriptome Profiling	Gene Expression Quantification	TCGA-GBM	TCGA-27-2521	TCGA-27-2521-01A	Primary Tumor
e676c661-cae3-4755-a90f-e632a3d82850	113df549-f143-4c50-8e18-7c2159bda4eb.rna_seq.augmented_star_gene_counts.tsv	Transcriptome Profiling	Gene Expression Quantification	TCGA-GBM	TCGA-19-1390	TCGA-19-1390-01A	Primary Tumor
56c0c169-5480-4d14-b0d7-bd4214d0e7cf	d088027b-e691-4962-bf1c-85abd24ac76c.rna_seq.augmented_star_gene_counts.tsv	Transcriptome Profiling	Gene Expression Quantification	TCGA-GBM	TCGA-27-1830	TCGA-27-1830-01A	Primary Tumor
69f7dc91-32d1-4359-850f-860aab36e433	0ce1eb02-a90c-484a-b861-c359562d3be1.rna_seq.augmented_star_gene_counts.tsv	Transcriptome Profiling	Gene Expression Quantification	TCGA-GBM	TCGA-32-1970	TCGA-32-1970-01A	Primary Tumor
ba9afa8e-405c-49b7-bc66-8ab1af1f942e	dad61e18-e3f1-4beb-b3c3-ae434e35af2d.rna_seq.augmented_star_gene_counts.tsv	Transcriptome Profiling	Gene Expression Quantification	TCGA-GBM	TCGA-06-0190	TCGA-06-0190-01A	Primary Tumor
9916e085-1027-4c91-9729-93dc36b71c86	2c25aa49-879a-4023-80b4-84df717dc537.rna_seq.augmented_star_gene_counts.tsv	Transcriptome Profiling	Gene Expression Quantification	TCGA-GBM	TCGA-06-0190	TCGA-06-0190-02A	Recurrent Tumor
f241eee0-28ea-4700-ba91-d3d50c2f7e48	051dc36f-47e2-4d77-b9b9-c5f2d315f5f3.rna_seq.augmented_star_gene_counts.tsv	Transcriptome Profiling	Gene Expression Quantification	TCGA-GBM	TCGA-02-2486	TCGA-02-2486-01A	Primary Tumor
7dd407eb-da67-45b9-8630-28be882de4cb	0f89ce0f-1176-4c48-af82-4917ccc8f919.rna_seq.augmented_star_gene_counts.tsv	Transcriptome Profiling	Gene Expression Quantification	TCGA-GBM	TCGA-14-0790	TCGA-14-0790-01B	Primary Tumor
b8ef3888-aa28-4590-a2d8-d16943b247b5	92dec9cc-fcd9-4cfc-9bc2-84372e772a5d.rna_seq.augmented_star_gene_counts.tsv	Transcriptome Profiling	Gene Expression Quantification	TCGA-GBM	TCGA-14-0789	TCGA-14-0789-01A	Primary Tumor
8f3294df-ef44-4b90-b53b-085909f26dcc	9f962dec-eac6-423c-a6ba-22d96165c616.rna_seq.augmented_star_gene_counts.tsv	Transcriptome Profiling	Gene Expression Quantification	TCGA-GBM	TCGA-06-0645	TCGA-06-0645-01A	Primary Tumor
b4abde15-98d3-4e78-9170-6c372de5c0f3	a0cfa49e-93dd-48c9-8a9a-c3dfdb081ae4.rna_seq.augmented_star_gene_counts.tsv	Transcriptome Profiling	Gene Expression Quantification	TCGA-GBM	TCGA-76-4926	TCGA-76-4926-01B	Primary Tumor
d44fbbb6-168a-4454-aa47-7da08a8949b6	32291119-ef4e-4041-9949-dc88dfce459a.rna_seq.augmented_star_gene_counts.tsv	Transcriptome Profiling	Gene Expression Quantification	TCGA-GBM	TCGA-28-5220	TCGA-28-5220-01A	Primary Tumor
3e599f68-2ba6-4fef-99aa-4b0bdf31e9bb	4ead1157-bb18-4e7c-9632-b13d869c5365.rna_seq.augmented_star_gene_counts.tsv	Transcriptome Profiling	Gene Expression Quantification	TCGA-GBM	TCGA-27-1835	TCGA-27-1835-01A	Primary Tumor
61e83633-f517-4616-aae0-71b17b1ea32e	4a91d152-b46f-4721-a868-7ed491f9af56.rna_seq.augmented_star_gene_counts.tsv	Transcriptome Profiling	Gene Expression Quantification	TCGA-GBM	TCGA-19-4065	TCGA-19-4065-01A	Primary Tumor
ddaed459-ab19-4f75-a1a9-72761287c6f5	152343f6-832e-4077-83d3-1589ef71b472.rna_seq.augmented_star_gene_counts.tsv	Transcriptome Profiling	Gene Expression Quantification	TCGA-GBM	TCGA-06-0678	TCGA-06-0678-11A	Solid Tissue Normal
2458c146-74ef-4c2a-b2b4-1bb6ab5292a9	fd0dc2d4-4a8e-4f37-8e1c-320193ace083.rna_seq.augmented_star_gene_counts.tsv	Transcriptome Profiling	Gene Expression Quantification	TCGA-GBM	TCGA-19-0957	TCGA-19-0957-02A	Recurrent Tumor
16b32013-0291-458e-b637-f73ccbaee84f	ee1a4754-896c-4f5d-bd4a-a7754f84abad.rna_seq.augmented_star_gene_counts.tsv	Transcriptome Profiling	Gene Expression Quantification	TCGA-GBM	TCGA-28-2509	TCGA-28-2509-01A	Primary Tumor
8991cf60-96ae-481c-8568-6bc605d5c099	4ef577ef-0834-48d7-918d-c2b5df7efaf4.rna_seq.augmented_star_gene_counts.tsv	Transcriptome Profiling	Gene Expression Quantification	TCGA-GBM	TCGA-14-2554	TCGA-14-2554-01A	Primary Tumor
232c3577-fe73-4c74-99c8-51c82a6aca1c	d7f50a7e-b1e9-47ea-b33a-856964b813f7.rna_seq.augmented_star_gene_counts.tsv	Transcriptome Profiling	Gene Expression Quantification	TCGA-GBM	TCGA-06-2563	TCGA-06-2563-01A	Primary Tumor
3a3c6a53-219d-4048-a012-9e9a2594c72d	f3c4031d-9a46-4696-9821-eb3050fa98ce.rna_seq.augmented_star_gene_counts.tsv	Transcriptome Profiling	Gene Expression Quantification	TCGA-GBM	TCGA-27-1837	TCGA-27-1837-01A	Primary Tumor
b40da704-9908-4781-b614-70a81787168a	fd18cdd5-f7da-45d6-aaa1-d811a4f0a4e1.rna_seq.augmented_star_gene_counts.tsv	Transcriptome Profiling	Gene Expression Quantification	TCGA-GBM	TCGA-06-6698	TCGA-06-6698-01A	Primary Tumor
5416b72f-7e75-4fab-a0e0-5396b5bf6cbe	39c60ad1-540a-4ad9-a735-b83f5d1c51f1.rna_seq.augmented_star_gene_counts.tsv	Transcriptome Profiling	Gene Expression Quantification	TCGA-GBM	TCGA-27-2528	TCGA-27-2528-01A	Primary Tumor
6a632943-e3a0-4c23-8a94-d18425abaa75	c0c076b8-8559-4403-ae4d-bfdf57522b59.rna_seq.augmented_star_gene_counts.tsv	Transcriptome Profiling	Gene Expression Quantification	TCGA-GBM	TCGA-14-1402	TCGA-14-1402-02A	Recurrent Tumor
6a94fd13-1867-4fc2-aa6d-c0ad48ac4390	e9c72888-0405-4c66-bcd5-bb56173bdcb2.rna_seq.augmented_star_gene_counts.tsv	Transcriptome Profiling	Gene Expression Quantification	TCGA-GBM	TCGA-32-1982	TCGA-32-1982-01A	Primary Tumor
9553912f-1166-428f-8960-013ca051e2ef	0c6b79d0-47aa-4c14-8ec5-bdbfe0faa29d.rna_seq.augmented_star_gene_counts.tsv	Transcriptome Profiling	Gene Expression Quantification	TCGA-GBM	TCGA-06-0686	TCGA-06-0686-01A	Primary Tumor
2ada884e-1839-4bb0-ba03-7f04085f0a07	325f91c9-70b9-4285-a7ff-0b7b6280a8ed.rna_seq.augmented_star_gene_counts.tsv	Transcriptome Profiling	Gene Expression Quantification	TCGA-GBM	TCGA-06-5858	TCGA-06-5858-01A	Primary Tumor
9790bcec-796f-4ca9-ab62-b40b69d3a222	3dd357c6-9e04-4f73-ae88-18143988e383.rna_seq.augmented_star_gene_counts.tsv	Transcriptome Profiling	Gene Expression Quantification	TCGA-GBM	TCGA-27-1832	TCGA-27-1832-01A	Primary Tumor
72183176-d844-452e-8736-303686bac768	def5d534-0efd-450c-bde0-f69abbe48f7c.rna_seq.augmented_star_gene_counts.tsv	Transcriptome Profiling	Gene Expression Quantification	TCGA-GBM	TCGA-27-1831	TCGA-27-1831-01A	Primary Tumor
a7260181-c266-427f-abba-4aa318f1710c	69804564-72f3-443e-a45e-add43d917b2c.rna_seq.augmented_star_gene_counts.tsv	Transcriptome Profiling	Gene Expression Quantification	TCGA-GBM	TCGA-12-5299	TCGA-12-5299-01A	Primary Tumor
744c9d5a-ea71-4888-b36b-c1a286715d7b	df47f95a-fb4a-4ea2-a929-c1d1971997a0.rna_seq.augmented_star_gene_counts.tsv	Transcriptome Profiling	Gene Expression Quantification	TCGA-GBM	TCGA-32-2632	TCGA-32-2632-01A	Primary Tumor
0dfece20-8425-42b1-a50a-fcf81f997351	7164752e-f3af-4ff9-aa7b-a96dc10f58ab.rna_seq.augmented_star_gene_counts.tsv	Transcriptome Profiling	Gene Expression Quantification	TCGA-GBM	TCGA-06-2569	TCGA-06-2569-01A	Primary Tumor
c2cd78e5-babb-4f6f-9988-6bab8c2bd217	338baec6-c9fe-4691-9c2a-bc96799f8dee.rna_seq.augmented_star_gene_counts.tsv	Transcriptome Profiling	Gene Expression Quantification	TCGA-GBM	TCGA-06-0649	TCGA-06-0649-01B	Primary Tumor
c5edc8d9-bae8-4841-802c-919dc0d4c055	9b1f39e2-a587-4fde-afd2-e0808a7766c1.rna_seq.augmented_star_gene_counts.tsv	Transcriptome Profiling	Gene Expression Quantification	TCGA-GBM	TCGA-28-2510	TCGA-28-2510-01A	Primary Tumor
bec610b2-9082-429d-8aef-6cbf3bb7a020	4a44bd40-1141-4524-a35f-f29ee37f6c63.rna_seq.augmented_star_gene_counts.tsv	Transcriptome Profiling	Gene Expression Quantification	TCGA-GBM	TCGA-26-5135	TCGA-26-5135-01A	Primary Tumor
155e74da-ebd4-4f87-ac74-7bf9fd74644f	6b59c7e7-11f7-4326-a849-2e1a6bb9f3e7.rna_seq.augmented_star_gene_counts.tsv	Transcriptome Profiling	Gene Expression Quantification	TCGA-GBM	TCGA-28-5213	TCGA-28-5213-01A	Primary Tumor
51874595-feb0-41a6-811f-dd732cf6c93c	f60c516c-6be7-4dda-9e46-46a87039c099.rna_seq.augmented_star_gene_counts.tsv	Transcriptome Profiling	Gene Expression Quantification	TCGA-GBM	TCGA-06-5415	TCGA-06-5415-01A	Primary Tumor
1bc3c302-0e49-4944-b3ce-7d6e6f846493	45ab4192-f1bb-46cd-8e85-c2341d67642f.rna_seq.augmented_star_gene_counts.tsv	Transcriptome Profiling	Gene Expression Quantification	TCGA-GBM	TCGA-06-5414	TCGA-06-5414-01A	Primary Tumor
b9f22a3d-f54f-40d3-a2d2-7b2788eb4d64	c0b1e5a6-3308-43c6-9e76-feda9f67c1a0.rna_seq.augmented_star_gene_counts.tsv	Transcriptome Profiling	Gene Expression Quantification	TCGA-GBM	TCGA-06-5417	TCGA-06-5417-01A	Primary Tumor
90cae234-f47d-4d36-b623-f602c8933228	5237a678-9f82-4aa3-a874-39179cff6ba5.rna_seq.augmented_star_gene_counts.tsv	Transcriptome Profiling	Gene Expression Quantification	TCGA-GBM	TCGA-06-5410	TCGA-06-5410-01A	Primary Tumor
c073adc8-e8a4-4c94-9737-4286c37c2e3e	1871e575-a4a5-45c7-9b01-3c207e9c0465.rna_seq.augmented_star_gene_counts.tsv	Transcriptome Profiling	Gene Expression Quantification	TCGA-GBM	TCGA-06-2564	TCGA-06-2564-01A	Primary Tumor
4bc70225-3511-4571-8029-7ac499e60742	ec1ada4a-34c5-4d5f-a75f-25fc45d05a28.rna_seq.augmented_star_gene_counts.tsv	Transcriptome Profiling	Gene Expression Quantification	TCGA-GBM	TCGA-19-5960	TCGA-19-5960-01A	Primary Tumor
685a7e87-51f7-4da9-9ae1-659b1ff3c249	b134958f-ae1e-4309-9cfc-16b443ab10c8.rna_seq.augmented_star_gene_counts.tsv	Transcriptome Profiling	Gene Expression Quantification	TCGA-GBM	TCGA-14-0781	TCGA-14-0781-01B	Primary Tumor
00426c02-8fec-4862-92e6-876a81533b9e	54c6eff1-866a-4b26-9778-6b085fc25123.rna_seq.augmented_star_gene_counts.tsv	Transcriptome Profiling	Gene Expression Quantification	TCGA-GBM	TCGA-76-4927	TCGA-76-4927-01A	Primary Tumor
db17edfa-a85d-4498-8203-83d9949c3483	209797f2-6e12-4f02-bea7-fd559305fad4.rna_seq.augmented_star_gene_counts.tsv	Transcriptome Profiling	Gene Expression Quantification	TCGA-GBM	TCGA-06-0878	TCGA-06-0878-01A	Primary Tumor
5deef317-126d-4435-ba6a-f36ba2c17018	5990f089-fa26-4ba3-997c-61ff9c7d3dbb.rna_seq.augmented_star_gene_counts.tsv	Transcriptome Profiling	Gene Expression Quantification	TCGA-GBM	TCGA-14-0787	TCGA-14-0787-01A	Primary Tumor
6f1de6d4-722d-46de-a586-593224079064	336b678c-b044-4b16-aa80-82c9ab769326.rna_seq.augmented_star_gene_counts.tsv	Transcriptome Profiling	Gene Expression Quantification	TCGA-GBM	TCGA-27-2524	TCGA-27-2524-01A	Primary Tumor
09326c4e-9905-444f-aa11-f2944045e455	5763b7c5-89cb-49c4-87aa-bad01f28b541.rna_seq.augmented_star_gene_counts.tsv	Transcriptome Profiling	Gene Expression Quantification	TCGA-GBM	TCGA-06-5408	TCGA-06-5408-01A	Primary Tumor
cd0dbfa3-351a-48cd-84b5-481a2b5a6adc	b4805b8a-7cb5-4fcb-88c8-8e4d17020873.rna_seq.augmented_star_gene_counts.tsv	Transcriptome Profiling	Gene Expression Quantification	TCGA-GBM	TCGA-06-2570	TCGA-06-2570-01A	Primary Tumor
41e3970d-06d0-442a-b41e-128b6e0e743c	7b78ffab-8b48-48fc-b17b-9ae63dac283f.rna_seq.augmented_star_gene_counts.tsv	Transcriptome Profiling	Gene Expression Quantification	TCGA-GBM	TCGA-28-1753	TCGA-28-1753-01A	Primary Tumor
a586c240-b39c-4674-9276-1fa0a67503c5	7953f14d-563a-4c41-882e-cce3821547a3.rna_seq.augmented_star_gene_counts.tsv	Transcriptome Profiling	Gene Expression Quantification	TCGA-GBM	TCGA-28-5216	TCGA-28-5216-01A	Primary Tumor
b4881576-f6a5-4ed0-a4a4-227f4bb73d7c	ff86d680-8a35-4f19-a850-eca08dfd3d48.rna_seq.augmented_star_gene_counts.tsv	Transcriptome Profiling	Gene Expression Quantification	TCGA-GBM	TCGA-76-4929	TCGA-76-4929-01A	Primary Tumor
0d880932-47ab-4b88-b00e-6921d2be5936	5a2fb8ba-a509-4216-83b5-174c1ee94c17.rna_seq.augmented_star_gene_counts.tsv	Transcriptome Profiling	Gene Expression Quantification	TCGA-GBM	TCGA-12-5295	TCGA-12-5295-01A	Primary Tumor
006aabaf-a659-436d-baed-f59795f934cf	41bdf255-88ed-4346-9033-7813b2c97d84.rna_seq.augmented_star_gene_counts.tsv	Transcriptome Profiling	Gene Expression Quantification	TCGA-GBM	TCGA-28-5215	TCGA-28-5215-01A	Primary Tumor
00cce172-4b2b-4cb5-b6dd-47c9627972af	511393a1-da49-4cf1-80d6-7f50a6c3043d.rna_seq.augmented_star_gene_counts.tsv	Transcriptome Profiling	Gene Expression Quantification	TCGA-GBM	TCGA-06-2559	TCGA-06-2559-01A	Primary Tumor
2a4e4787-3070-40e4-955e-32d61402a33d	9cdfbc8a-c640-4e27-922c-053bc7fce262.rna_seq.augmented_star_gene_counts.tsv	Transcriptome Profiling	Gene Expression Quantification	TCGA-GBM	TCGA-76-4932	TCGA-76-4932-01A	Primary Tumor
fb2874e9-62d9-4a8c-9d67-d36b0be0737d	d83433da-3354-4e58-94f6-52d56d296363.rna_seq.augmented_star_gene_counts.tsv	Transcriptome Profiling	Gene Expression Quantification	TCGA-GBM	TCGA-26-5139	TCGA-26-5139-01A	Primary Tumor
cae1f29a-9b4e-4dcb-a3c1-b4b662a32907	0db34205-31a0-49e3-972d-ec4e4f7c03c5.rna_seq.augmented_star_gene_counts.tsv	Transcriptome Profiling	Gene Expression Quantification	TCGA-GBM	TCGA-06-0743	TCGA-06-0743-01A	Primary Tumor
3bd5dd10-0de9-495a-a94a-c57ecd63c097	1069403e-ef6a-43d4-b62d-3249e5a8e034.rna_seq.augmented_star_gene_counts.tsv	Transcriptome Profiling	Gene Expression Quantification	TCGA-GBM	TCGA-76-4928	TCGA-76-4928-01B	Primary Tumor
a9671acb-4933-4825-8757-233e9ecf7b4f	2acc7210-afc0-400a-bc1c-37d50a375709.rna_seq.augmented_star_gene_counts.tsv	Transcriptome Profiling	Gene Expression Quantification	TCGA-GBM	TCGA-14-1825	TCGA-14-1825-01A	Primary Tumor
b4a5675d-b5c7-4b94-a8ca-b97b24cecca3	6824df5a-832c-4a45-b654-05ba9ac03369.rna_seq.augmented_star_gene_counts.tsv	Transcriptome Profiling	Gene Expression Quantification	TCGA-GBM	TCGA-06-5412	TCGA-06-5412-01A	Primary Tumor
cd6e8382-9117-49c7-a89f-1d79b0ad8815	80e02a48-6bbd-4e69-87f3-a27e51ca852b.rna_seq.augmented_star_gene_counts.tsv	Transcriptome Profiling	Gene Expression Quantification	TCGA-GBM	TCGA-12-0821	TCGA-12-0821-01A	Primary Tumor
eb9eb417-e7a2-4879-a173-cc10cd34da9e	39f7b501-0578-4c4e-9fc4-fd9a7d839dbf.rna_seq.augmented_star_gene_counts.tsv	Transcriptome Profiling	Gene Expression Quantification	TCGA-GBM	TCGA-12-0616	TCGA-12-0616-01A	Primary Tumor
fd41e351-d25f-4056-984f-364a4fb173b1	6ff649cb-781f-4d71-b06f-3504d95879ad.rna_seq.augmented_star_gene_counts.tsv	Transcriptome Profiling	Gene Expression Quantification	TCGA-GBM	TCGA-06-5856	TCGA-06-5856-01A	Primary Tumor
bc52ddc4-e8da-45fc-8c3a-6a9683d699af	6afd066b-806e-4568-94d9-ac189d1101af.rna_seq.augmented_star_gene_counts.tsv	Transcriptome Profiling	Gene Expression Quantification	TCGA-GBM	TCGA-14-0817	TCGA-14-0817-01A	Primary Tumor
dbcf47dd-1c8d-4736-9ea2-08c03a94b298	78484ab5-e8f8-4029-b5b2-63629a949e2f.rna_seq.augmented_star_gene_counts.tsv	Transcriptome Profiling	Gene Expression Quantification	TCGA-GBM	TCGA-12-3650	TCGA-12-3650-01A	Primary Tumor
3449e073-b0f2-4498-b9db-18e8593ef580	2e33127c-779d-4f05-bbae-7893b9d27364.rna_seq.augmented_star_gene_counts.tsv	Transcriptome Profiling	Gene Expression Quantification	TCGA-GBM	TCGA-41-4097	TCGA-41-4097-01A	Primary Tumor
9240b811-4132-4ca4-b44e-7e672b594657	979a75fb-49bd-48e4-b7b1-1391a67726cb.rna_seq.augmented_star_gene_counts.tsv	Transcriptome Profiling	Gene Expression Quantification	TCGA-GBM	TCGA-14-0871	TCGA-14-0871-01A	Primary Tumor
9ac00a37-7f08-4c9f-ab77-4019a05c5083	e08e8902-f526-449f-b645-d29b06d175dd.rna_seq.augmented_star_gene_counts.tsv	Transcriptome Profiling	Gene Expression Quantification	TCGA-GBM	TCGA-27-1834	TCGA-27-1834-01A	Primary Tumor
f982722f-ae1d-4b7a-b445-0646517acb0f	5b1cc683-d363-4cb8-b9b2-050c3c541858.rna_seq.augmented_star_gene_counts.tsv	Transcriptome Profiling	Gene Expression Quantification	TCGA-GBM	TCGA-41-2571	TCGA-41-2571-01A	Primary Tumor
81ddd54e-ce35-4a15-ba5c-a58b5cac12ff	5b56daff-2531-46b1-a277-86b88b878c61.rna_seq.augmented_star_gene_counts.tsv	Transcriptome Profiling	Gene Expression Quantification	TCGA-GBM	TCGA-76-4931	TCGA-76-4931-01A	Primary Tumor
3a92bb9b-a6ee-418e-9c21-6bfcf3d6b1a9	251de1f4-0bc3-4b44-af08-1abc9c720f67.rna_seq.augmented_star_gene_counts.tsv	Transcriptome Profiling	Gene Expression Quantification	TCGA-GBM	TCGA-06-5413	TCGA-06-5413-01A	Primary Tumor
89dad61a-6e26-4fd2-b277-1e438092af86	664dc12a-5d76-4efb-bb33-f0f58c937062.rna_seq.augmented_star_gene_counts.tsv	Transcriptome Profiling	Gene Expression Quantification	TCGA-GBM	TCGA-19-4065	TCGA-19-4065-02A	Recurrent Tumor
22085d53-b816-4c33-b1ef-6f199775f39c	d0d080e3-b40d-466e-8b51-58ee3f463667.rna_seq.augmented_star_gene_counts.tsv	Transcriptome Profiling	Gene Expression Quantification	TCGA-GBM	TCGA-26-5133	TCGA-26-5133-01A	Primary Tumor
5fcd9276-cf0e-4b88-bf8b-efdac7a2defa	e0497b17-99ef-4d0b-afc9-9fcd5769baaa.rna_seq.augmented_star_gene_counts.tsv	Transcriptome Profiling	Gene Expression Quantification	TCGA-GBM	TCGA-02-2483	TCGA-02-2483-01A	Primary Tumor
06e61218-fbda-4a4f-a9ec-16ccf5255ded	9e79eb6c-bdfa-4deb-b283-7c351dac4434.rna_seq.augmented_star_gene_counts.tsv	Transcriptome Profiling	Gene Expression Quantification	TCGA-GBM	TCGA-06-0158	TCGA-06-0158-01A	Primary Tumor
570657de-da5c-4b5a-9b85-7753729722b6	d620997f-b99e-4e20-a20d-d5b67ba3ce4b.rna_seq.augmented_star_gene_counts.tsv	Transcriptome Profiling	Gene Expression Quantification	TCGA-GBM	TCGA-41-5651	TCGA-41-5651-01A	Primary Tumor
8936f86b-336c-4f7e-b5f5-7006c4ac19b7	fa094819-3bc6-4bc6-92cc-906254bbfa73.rna_seq.augmented_star_gene_counts.tsv	Transcriptome Profiling	Gene Expression Quantification	TCGA-GBM	TCGA-06-2565	TCGA-06-2565-01A	Primary Tumor
c66cf9f2-a9c2-4b4b-8281-ac1593e87246	a261b442-2909-4aae-8c65-7a16b1f7d905.rna_seq.augmented_star_gene_counts.tsv	Transcriptome Profiling	Gene Expression Quantification	TCGA-GBM	TCGA-14-0736	TCGA-14-0736-02A	Recurrent Tumor
554056ed-3d15-43df-baca-38683f381695	7f9c22b2-5615-42af-9c73-4ad5718b1fd1.rna_seq.augmented_star_gene_counts.tsv	Transcriptome Profiling	Gene Expression Quantification	TCGA-GBM	TCGA-06-2558	TCGA-06-2558-01A	Primary Tumor
39f91c2c-9527-4185-aa04-eb42e7fab7c1	13da7123-db39-4bab-9521-daef5d3030ae.rna_seq.augmented_star_gene_counts.tsv	Transcriptome Profiling	Gene Expression Quantification	TCGA-GBM	TCGA-28-5218	TCGA-28-5218-01A	Primary Tumor
6fa64d4a-8a11-4b3e-852c-bf916c82259f	e4bd9518-37b8-4d39-b717-7c750f311eba.rna_seq.augmented_star_gene_counts.tsv	Transcriptome Profiling	Gene Expression Quantification	TCGA-GBM	TCGA-32-1980	TCGA-32-1980-01A	Primary Tumor
55d27295-1e5e-45bf-a4b5-d731f3e538ff	7aaf54b8-2be8-4b92-91c9-cfc21671dc60.rna_seq.augmented_star_gene_counts.tsv	Transcriptome Profiling	Gene Expression Quantification	TCGA-GBM	TCGA-06-2561	TCGA-06-2561-01A	Primary Tumor
71600f32-5a1f-477b-9ce5-2eb289504a57	0d3fac43-2d9d-4904-9650-40fd7af2942b.rna_seq.augmented_star_gene_counts.tsv	Transcriptome Profiling	Gene Expression Quantification	TCGA-GBM	TCGA-06-0646	TCGA-06-0646-01A	Primary Tumor
a7b5a50a-a1d0-4cb5-a749-3cfa2ffa4892	f990759a-0fb8-44f5-8ee3-b69d00ea808d.rna_seq.augmented_star_gene_counts.tsv	Transcriptome Profiling	Gene Expression Quantification	TCGA-GBM	TCGA-19-2629	TCGA-19-2629-01A	Primary Tumor
14aff5e3-5f0c-4e7c-abec-806009b5a39a	23f3b0c8-dc66-445e-9d05-bd631e00f2ee.rna_seq.augmented_star_gene_counts.tsv	Transcriptome Profiling	Gene Expression Quantification	TCGA-GBM	TCGA-06-0238	TCGA-06-0238-01A	Primary Tumor
d08790b4-5acd-4392-a1a9-355ee061ea8a	5d732c32-681d-46ca-b0bd-404ab47c64db.rna_seq.augmented_star_gene_counts.tsv	Transcriptome Profiling	Gene Expression Quantification	TCGA-GBM	TCGA-06-0174	TCGA-06-0174-01A	Primary Tumor
20db3a49-ca35-4562-bc96-7e98c381830f	1a61593f-909e-46f4-8cfa-9e23bc050033.rna_seq.augmented_star_gene_counts.tsv	Transcriptome Profiling	Gene Expression Quantification	TCGA-GBM	TCGA-32-5222	TCGA-32-5222-01A	Primary Tumor
b5138139-5314-4fb5-8bf0-e0450141ac57	37253fe8-4a9a-4076-9244-8cc727d6b432.rna_seq.augmented_star_gene_counts.tsv	Transcriptome Profiling	Gene Expression Quantification	TCGA-GBM	TCGA-12-0618	TCGA-12-0618-01A	Primary Tumor
bba8d1b1-ee43-49dd-8048-78ee57bddca1	4fa49452-cb75-46c0-a633-42b3f7c4361b.rna_seq.augmented_star_gene_counts.tsv	Transcriptome Profiling	Gene Expression Quantification	TCGA-GBM	TCGA-06-0211	TCGA-06-0211-01A	Primary Tumor
74895f90-43ef-4d2e-ab0a-9e7177f9d27c	bb335256-50b2-473f-a886-b62b7441c436.rna_seq.augmented_star_gene_counts.tsv	Transcriptome Profiling	Gene Expression Quantification	TCGA-GBM	TCGA-06-0211	TCGA-06-0211-02A	Recurrent Tumor
574174d5-f635-414b-ae70-afdd6ec6ddcf	cebc70af-a3df-45ef-9656-050f382f64e8.rna_seq.augmented_star_gene_counts.tsv	Transcriptome Profiling	Gene Expression Quantification	TCGA-GBM	TCGA-06-0211	TCGA-06-0211-01B	Primary Tumor
819b706a-5f79-47b3-963c-72e445b7c9b5	c45fcca1-63ec-40f6-bd58-558a002f5b36.rna_seq.augmented_star_gene_counts.tsv	Transcriptome Profiling	Gene Expression Quantification	TCGA-GBM	TCGA-06-0129	TCGA-06-0129-01A	Primary Tumor
a04f2c22-87db-420d-b673-33fd9e48c89e	075029c6-31b2-4b4a-9945-b905fc6bf730.rna_seq.augmented_star_gene_counts.tsv	Transcriptome Profiling	Gene Expression Quantification	TCGA-GBM	TCGA-06-0168	TCGA-06-0168-01A	Primary Tumor
4c8938ac-74ea-46f3-af36-8aa38d01e380	a01b2990-48f1-4513-8438-df7d1c39b51f.rna_seq.augmented_star_gene_counts.tsv	Transcriptome Profiling	Gene Expression Quantification	TCGA-GBM	TCGA-06-0125	TCGA-06-0125-02A	Recurrent Tumor
3f3cea14-b553-4e0b-a255-a15999e760fe	f54636e5-d823-4bc2-9475-2f4f81879067.rna_seq.augmented_star_gene_counts.tsv	Transcriptome Profiling	Gene Expression Quantification	TCGA-GBM	TCGA-15-1444	TCGA-15-1444-01A	Primary Tumor
20ccfe17-ec2c-433f-a87c-07018a3a7522	9fefe100-9765-4b8a-8468-51df066f0f0c.rna_seq.augmented_star_gene_counts.tsv	Transcriptome Profiling	Gene Expression Quantification	TCGA-GBM	TCGA-06-0156	TCGA-06-0156-01A	Primary Tumor
ddb16b8d-9ad8-4c66-a986-513d3507b26d	1076483a-e462-47e5-a47a-ca9544548dff.rna_seq.augmented_star_gene_counts.tsv	Transcriptome Profiling	Gene Expression Quantification	TCGA-GBM	TCGA-06-0156	TCGA-06-0156-01A	Primary Tumor
5d90192a-0271-4169-ba9d-e52cf081a5c3	c99203bc-27cb-4af5-983f-46d87525a034.rna_seq.augmented_star_gene_counts.tsv	Transcriptome Profiling	Gene Expression Quantification	TCGA-GBM	TCGA-27-2523	TCGA-27-2523-01A	Primary Tumor
b2bfc3b2-5c31-47aa-b008-5b959d0f8b0a	7d1ba30d-6d00-479f-8ae9-f818c56ba9c5.rna_seq.augmented_star_gene_counts.tsv	Transcriptome Profiling	Gene Expression Quantification	TCGA-GBM	TCGA-06-0130	TCGA-06-0130-01A	Primary Tumor
5ee9b38e-1742-47aa-aa8d-927e90bc7f0c	fae111e5-9372-4e6d-8e0d-c158c478afc4.rna_seq.augmented_star_gene_counts.tsv	Transcriptome Profiling	Gene Expression Quantification	TCGA-GBM	TCGA-12-3653	TCGA-12-3653-01A	Primary Tumor
7a7637d0-110f-4809-a79f-9eead03c762b	db0f3e8d-4a8e-48c7-8903-3dfba46d8401.rna_seq.augmented_star_gene_counts.tsv	Transcriptome Profiling	Gene Expression Quantification	TCGA-GBM	TCGA-28-2514	TCGA-28-2514-01A	Primary Tumor
4268518f-c025-4f8f-8d28-a23372797625	64e37a02-7b4c-430c-9088-2d1c7c89a508.rna_seq.augmented_star_gene_counts.tsv	Transcriptome Profiling	Gene Expression Quantification	TCGA-GBM	TCGA-06-0219	TCGA-06-0219-01A	Primary Tumor
3fef7878-8d16-44c6-8d24-a6de90b66747	0a80d60d-df15-4474-92f9-97f5be07e180.rna_seq.augmented_star_gene_counts.tsv	Transcriptome Profiling	Gene Expression Quantification	TCGA-GBM	TCGA-06-0747	TCGA-06-0747-01A	Primary Tumor
9813657d-da8b-4b27-9815-4b7d7b4bbac4	1f027bee-5316-4d9f-a566-41890da18493.rna_seq.augmented_star_gene_counts.tsv	Transcriptome Profiling	Gene Expression Quantification	TCGA-GBM	TCGA-06-5859	TCGA-06-5859-01A	Primary Tumor
617be06c-8001-41ab-be2c-2a4050fe6ccc	ff14b89f-5e47-49f2-9499-8d5224f067dc.rna_seq.augmented_star_gene_counts.tsv	Transcriptome Profiling	Gene Expression Quantification	TCGA-GBM	TCGA-41-3915	TCGA-41-3915-01A	Primary Tumor
6a0df69c-6211-4db9-a278-fc7b2a2bb92c	7412a444-9fad-4d96-a4d4-2c270045919a.rna_seq.augmented_star_gene_counts.tsv	Transcriptome Profiling	Gene Expression Quantification	TCGA-GBM	TCGA-06-0882	TCGA-06-0882-01A	Primary Tumor
1b8cc228-a020-4418-be03-ad409d781728	aab4bee0-b7a4-4671-b7e3-e11f11abe0e7.rna_seq.augmented_star_gene_counts.tsv	Transcriptome Profiling	Gene Expression Quantification	TCGA-GBM	TCGA-26-5136	TCGA-26-5136-01B	Primary Tumor
a0bbc7d1-79dd-4f74-b0fb-c56fb6c06db0	45c55fc2-e9d6-4016-9350-95d2bba56dee.rna_seq.augmented_star_gene_counts.tsv	Transcriptome Profiling	Gene Expression Quantification	TCGA-GBM	TCGA-19-2624	TCGA-19-2624-01A	Primary Tumor
77c261f0-384c-4906-a57e-7c3b35c17041	44aa45ef-4bcd-47eb-a2ef-68b614d00a51.rna_seq.augmented_star_gene_counts.tsv	Transcriptome Profiling	Gene Expression Quantification	TCGA-GBM	TCGA-06-5411	TCGA-06-5411-01A	Primary Tumor
5839c040-bff3-4c8d-82ee-45d0bc793963	fd950816-2bc3-4e25-90b4-6a6a049cd809.rna_seq.augmented_star_gene_counts.tsv	Transcriptome Profiling	Gene Expression Quantification	TCGA-GBM	TCGA-16-0846	TCGA-16-0846-01A	Primary Tumor
03fc636b-9e3d-42ea-88cf-8081539a9859	58d714ce-bdb7-4365-b3f9-a5464237b1d4.rna_seq.augmented_star_gene_counts.tsv	Transcriptome Profiling	Gene Expression Quantification	TCGA-GBM	TCGA-06-0644	TCGA-06-0644-01A	Primary Tumor
c410d37e-e445-4f5f-8937-e6796dd52364	4cc96a03-4717-465b-b0c6-dfb947ff3c5e.rna_seq.augmented_star_gene_counts.tsv	Transcriptome Profiling	Gene Expression Quantification	TCGA-GBM	TCGA-06-0681	TCGA-06-0681-11A	Solid Tissue Normal
5a2427b9-3e21-4ae3-bde7-06efcdf2bea3	b45c00da-6d61-4b10-befa-dc1123f955a9.rna_seq.augmented_star_gene_counts.tsv	Transcriptome Profiling	Gene Expression Quantification	TCGA-GBM	TCGA-28-5204	TCGA-28-5204-01A	Primary Tumor
f2eb8d3a-ee6e-4180-921d-0ef8f7d1ead5	1435785d-a1c3-4f05-a369-74a2134d5986.rna_seq.augmented_star_gene_counts.tsv	Transcriptome Profiling	Gene Expression Quantification	TCGA-GBM	TCGA-19-2620	TCGA-19-2620-01A	Primary Tumor
75a95ec8-b67a-4e0c-a959-61344628ab11	9ea6219c-d1fb-4f5b-bdab-c3492f180ac2.rna_seq.augmented_star_gene_counts.tsv	Transcriptome Profiling	Gene Expression Quantification	TCGA-GBM	TCGA-06-0210	TCGA-06-0210-02A	Recurrent Tumor
7b5011b5-5816-4c25-ad72-31152b70b9a0	954911a5-d0a0-42bb-842c-1dbd9ee60c6c.rna_seq.augmented_star_gene_counts.tsv	Transcriptome Profiling	Gene Expression Quantification	TCGA-GBM	TCGA-32-4213	TCGA-32-4213-01A	Primary Tumor
fb49f5f7-5576-4670-8918-47d0997a6f30	b5402a87-05a5-421f-be4c-469c34e4bb81.rna_seq.augmented_star_gene_counts.tsv	Transcriptome Profiling	Gene Expression Quantification	TCGA-GBM	TCGA-06-0141	TCGA-06-0141-01A	Primary Tumor
068454cb-7789-4814-80a0-1935c6a08798	efbd20eb-2922-4904-8cf1-88d5bb09ab30.rna_seq.augmented_star_gene_counts.tsv	Transcriptome Profiling	Gene Expression Quantification	TCGA-GBM	TCGA-06-2567	TCGA-06-2567-01A	Primary Tumor
c14dcde5-8445-4dcf-a0f6-ebd014541189	f426768e-744a-4bed-bb8e-b5957a350bf2.rna_seq.augmented_star_gene_counts.tsv	Transcriptome Profiling	Gene Expression Quantification	TCGA-GBM	TCGA-06-5418	TCGA-06-5418-01A	Primary Tumor
67d9092b-ae85-4687-b092-3012dbfab47a	51cf388b-effc-44bd-bd78-5b25878561a2.rna_seq.augmented_star_gene_counts.tsv	Transcriptome Profiling	Gene Expression Quantification	TCGA-GBM	TCGA-02-2485	TCGA-02-2485-01A	Primary Tumor
896c4e8b-9cb3-4b39-8ced-9da68d56757e	9f8c56eb-1505-4eb5-acc5-76609949cecd.rna_seq.augmented_star_gene_counts.tsv	Transcriptome Profiling	Gene Expression Quantification	TCGA-GBM	TCGA-06-2562	TCGA-06-2562-01A	Primary Tumor
5de95bee-c987-47a2-a375-5cc5458f22fd	37bae717-22b7-4a28-8768-ab83c62ad8ee.rna_seq.augmented_star_gene_counts.tsv	Transcriptome Profiling	Gene Expression Quantification	TCGA-GBM	TCGA-28-5207	TCGA-28-5207-01A	Primary Tumor
4af1f2b3-5b91-4fea-9268-70435ee322f2	404948ed-abef-4949-8375-64908c0d52c0.rna_seq.augmented_star_gene_counts.tsv	Transcriptome Profiling	Gene Expression Quantification	TCGA-GBM	TCGA-06-0749	TCGA-06-0749-01A	Primary Tumor
cd358773-9979-40c8-b34f-57afcc820dea	0ad4aa09-9a11-464b-a080-cc9fad5da4ca.rna_seq.augmented_star_gene_counts.tsv	Transcriptome Profiling	Gene Expression Quantification	TCGA-GBM	TCGA-06-0157	TCGA-06-0157-01A	Primary Tumor
ef068398-be98-409e-86aa-927f83bc5441	f5e230a7-b044-4190-8b61-36260d8cd54c.rna_seq.augmented_star_gene_counts.tsv	Transcriptome Profiling	Gene Expression Quantification	TCGA-GBM	TCGA-06-0152	TCGA-06-0152-02A	Recurrent Tumor
a2fc40c6-a139-4669-b062-09b11b342088	df304df6-1168-4314-aa2a-48bf5f3f8bd7.rna_seq.augmented_star_gene_counts.tsv	Transcriptome Profiling	Gene Expression Quantification	TCGA-GBM	TCGA-15-0742	TCGA-15-0742-01A	Primary Tumor
9537cbb7-6018-4894-a091-ab11d50dd9c9	90faff2d-96d4-49bc-9c3f-bbe1e1c6c14e.rna_seq.augmented_star_gene_counts.tsv	Transcriptome Profiling	Gene Expression Quantification	TCGA-GBM	TCGA-19-2625	TCGA-19-2625-01A	Primary Tumor
477a4ae1-84c0-49f2-b3b3-4015b8c26f18	4250878d-ba0b-47e1-96c6-f2331f93ce37.rna_seq.augmented_star_gene_counts.tsv	Transcriptome Profiling	Gene Expression Quantification	TCGA-GBM	TCGA-06-AABW	TCGA-06-AABW-11A	Solid Tissue Normal
7b8c7e1e-6df9-4b64-9d94-5f16c3dda92a	4ac05a26-e45b-4936-99fa-e031cd5b212c.rna_seq.augmented_star_gene_counts.tsv	Transcriptome Profiling	Gene Expression Quantification	TCGA-GBM	TCGA-12-1597	TCGA-12-1597-01B	Primary Tumor
74f3f3cb-d6f1-4e4f-8c76-7ebeefa0dbcf	1483c347-bb2c-4678-af16-163e4fc1791d.rna_seq.augmented_star_gene_counts.tsv	Transcriptome Profiling	Gene Expression Quantification	TCGA-GBM	TCGA-06-0210	TCGA-06-0210-01A	Primary Tumor
6835ae68-2f18-4239-ac8c-6a8291101e45	a4e0b059-6e1e-4e90-b55a-4e043e6ed051.rna_seq.augmented_star_gene_counts.tsv	Transcriptome Profiling	Gene Expression Quantification	TCGA-GBM	TCGA-02-0047	TCGA-02-0047-01A	Primary Tumor
072f2d4e-db08-40c2-891a-9199e47fcac3	ce5fb607-99c5-457f-9022-df38b540fce6.rna_seq.augmented_star_gene_counts.tsv	Transcriptome Profiling	Gene Expression Quantification	TCGA-GBM	TCGA-06-5416	TCGA-06-5416-01A	Primary Tumor
64a2ddbe-3614-409a-af16-170a1471db2a	3404cbdb-4d1b-462a-a820-58c4f01e84fc.rna_seq.augmented_star_gene_counts.tsv	Transcriptome Profiling	Gene Expression Quantification	TCGA-GBM	TCGA-06-0680	TCGA-06-0680-11A	Solid Tissue Normal
2c257408-2e69-4424-9fb2-6512f4d88b6b	19f6db33-bd74-44aa-9f00-c31903e88abf.rna_seq.augmented_star_gene_counts.tsv	Transcriptome Profiling	Gene Expression Quantification	TCGA-GBM	TCGA-19-1787	TCGA-19-1787-01B	Primary Tumor
21b8a64f-800c-45bc-b7a4-a2e666330549	71390b5a-ecd0-475f-8582-8bfb47bb844c.rna_seq.augmented_star_gene_counts.tsv	Transcriptome Profiling	Gene Expression Quantification	TCGA-GBM	TCGA-28-5208	TCGA-28-5208-01A	Primary Tumor
31050be4-da9b-4691-9a70-93d1dda4695a	936f451e-b761-47f8-9d3d-db4cdb1ec27b.rna_seq.augmented_star_gene_counts.tsv	Transcriptome Profiling	Gene Expression Quantification	TCGA-GBM	TCGA-32-2615	TCGA-32-2615-01A	Primary Tumor
2b542440-46c8-49b4-8657-a01e864b3f80	63af1588-387b-44a7-97ed-4f73559347c2.rna_seq.augmented_star_gene_counts.tsv	Transcriptome Profiling	Gene Expression Quantification	TCGA-GBM	TCGA-28-2513	TCGA-28-2513-01A	Primary Tumor
34eded85-bb51-4577-a728-152f6914ed1a	e88178d8-35c0-4578-b52b-30ebe4847b6e.rna_seq.augmented_star_gene_counts.tsv	Transcriptome Profiling	Gene Expression Quantification	TCGA-GBM	TCGA-19-1389	TCGA-19-1389-02A	Recurrent Tumor
ddb028d4-2242-4de7-9560-4c7fd0b93af7	91bd0932-0312-404f-b836-c1ab7f9e2cf3.rna_seq.augmented_star_gene_counts.tsv	Transcriptome Profiling	Gene Expression Quantification	TCGA-GBM	TCGA-08-0386	TCGA-08-0386-01A	Primary Tumor
51eb0c58-e29a-4e05-8b1e-93cbe016c05f	88c49e2a-ad65-411f-b9d9-df83de6f2b2a.rna_seq.augmented_star_gene_counts.tsv	Transcriptome Profiling	Gene Expression Quantification	TCGA-GBM	TCGA-06-0745	TCGA-06-0745-01A	Primary Tumor
278eb29c-4e2d-4ed0-b938-43335a274b9e	8a3c7c61-631f-4dd0-83fe-d2bbb33a17a4.rna_seq.augmented_star_gene_counts.tsv	Transcriptome Profiling	Gene Expression Quantification	TCGA-GBM	TCGA-06-2557	TCGA-06-2557-01A	Primary Tumor
2f3ed4ce-16b8-447d-9b18-d1e95d21de76	6394059f-8ec8-4fe7-80bc-3650c76b4499.rna_seq.augmented_star_gene_counts.tsv	Transcriptome Profiling	Gene Expression Quantification	TCGA-GBM	TCGA-16-1045	TCGA-16-1045-01B	Primary Tumor
e88a253a-4d6b-483c-9e85-692241ff1d19	e7b0cb4b-d9c4-440f-b5d4-857d7e53e303.rna_seq.augmented_star_gene_counts.tsv	Transcriptome Profiling	Gene Expression Quantification	TCGA-GBM	TCGA-28-2499	TCGA-28-2499-01A	Primary Tumor
e0da1f5a-658e-44b0-a503-98925dd332e0	328b149f-1c8d-4350-8ed8-a666bdc6a3f9.rna_seq.augmented_star_gene_counts.tsv	Transcriptome Profiling	Gene Expression Quantification	TCGA-GBM	TCGA-02-0055	TCGA-02-0055-01A	Primary Tumor
69d44ffd-6b61-487d-b4c7-5808913f671c	ceb8abb5-067a-475c-99b2-128d66267b3f.rna_seq.augmented_star_gene_counts.tsv	Transcriptome Profiling	Gene Expression Quantification	TCGA-GBM	TCGA-06-0132	TCGA-06-0132-01A	Primary Tumor
1c091fe9-f2ca-478c-95be-b924f30c4c75	c93e41f3-3a23-4757-af8c-af11fab60b52.rna_seq.augmented_star_gene_counts.tsv	Transcriptome Profiling	Gene Expression Quantification	TCGA-GBM	TCGA-06-0138	TCGA-06-0138-01A	Primary Tumor
5ab9f2d4-e7da-4337-a0e0-24c3a79800c4	69faa26c-4763-411b-affb-5eee559b70e1.rna_seq.augmented_star_gene_counts.tsv	Transcriptome Profiling	Gene Expression Quantification	TCGA-GBM	TCGA-32-2616	TCGA-32-2616-01A	Primary Tumor
77b98b70-9bef-4e81-9eac-91467c322d4b	b198a226-f734-46c8-93db-0914f0fa6805.rna_seq.augmented_star_gene_counts.tsv	Transcriptome Profiling	Gene Expression Quantification	TCGA-GBM	TCGA-06-0139	TCGA-06-0139-01A	Primary Tumor
8ca6d647-8970-4b82-99a3-fc72d9c51755	5862a2c8-9700-4bfd-8247-176efebc3efb.rna_seq.augmented_star_gene_counts.tsv	Transcriptome Profiling	Gene Expression Quantification	TCGA-GBM	TCGA-06-0744	TCGA-06-0744-01A	Primary Tumor
614ea667-8b70-4b0b-bb7c-a5c5b30490fc	4a173140-8ec3-4f61-9cc4-86470fb75b8a.rna_seq.augmented_star_gene_counts.tsv	Transcriptome Profiling	Gene Expression Quantification	TCGA-GBM	TCGA-06-0178	TCGA-06-0178-01A	Primary Tumor
a1ec31bd-715d-4589-b7fc-951c79023c33	c47a6a50-b448-4736-b29d-bea454e28085.rna_seq.augmented_star_gene_counts.tsv	Transcriptome Profiling	Gene Expression Quantification	TCGA-GBM	TCGA-26-1442	TCGA-26-1442-01A	Primary Tumor
d6a91466-993b-48f3-bbbf-aadd628e8e99	5ef77dbc-2112-4ab3-a669-b0f9b175f01c.rna_seq.augmented_star_gene_counts.tsv	Transcriptome Profiling	Gene Expression Quantification	TCGA-GBM	TCGA-27-2526	TCGA-27-2526-01A	Primary Tumor
7b618409-40be-4c0a-bb0b-d8a305341504	210daf0d-280e-4c43-a48b-65e5c2a92a77.rna_seq.augmented_star_gene_counts.tsv	Transcriptome Profiling	Gene Expression Quantification	TCGA-GBM	TCGA-19-2619	TCGA-19-2619-01A	Primary Tumor
6827c4ab-4d67-41a3-9e37-b540f5d7c703	e1757a20-2d6f-4aee-bafb-804302b448ea.rna_seq.augmented_star_gene_counts.tsv	Transcriptome Profiling	Gene Expression Quantification	TCGA-GBM	TCGA-06-0125	TCGA-06-0125-01A	Primary Tumor
e893a718-4856-4e61-b33f-fcf44d62c305	bc80aba0-0e0f-4177-85ca-73be517be7b0.rna_seq.augmented_star_gene_counts.tsv	Transcriptome Profiling	Gene Expression Quantification	TCGA-GBM	TCGA-14-1823	TCGA-14-1823-01A	Primary Tumor
bd40ca45-33da-4798-a3bd-7640c784d6a9	c2bc46d6-7065-44ff-a21a-7a3676990fdb.rna_seq.augmented_star_gene_counts.tsv	Transcriptome Profiling	Gene Expression Quantification	TCGA-GBM	TCGA-06-0187	TCGA-06-0187-01A	Primary Tumor
9930cbcd-1db8-433a-bbe1-2a821edc3000	139fe07b-05fb-4bc5-b6e2-179269e7ca51.rna_seq.augmented_star_gene_counts.tsv	Transcriptome Profiling	Gene Expression Quantification	TCGA-GBM	TCGA-26-5132	TCGA-26-5132-01A	Primary Tumor
87f40fda-2a48-4cb6-8b65-e1b043661cce	a400f64e-ec00-4cc0-8110-38b2e349c7cf.rna_seq.augmented_star_gene_counts.tsv	Transcriptome Profiling	Gene Expression Quantification	TCGA-GBM	TCGA-14-1034	TCGA-14-1034-02B	Recurrent Tumor
7f21d9fd-fd8a-44ec-b01f-93ded2b6babf	64d208b9-6a15-4077-885f-30d9cdedf147.rna_seq.augmented_star_gene_counts.tsv	Transcriptome Profiling	Gene Expression Quantification	TCGA-GBM	TCGA-14-1034	TCGA-14-1034-01A	Primary Tumor
6037d66c-5c66-4a9f-a255-ee76a354b86e	52f507d3-113b-4995-9b7a-8677e7812ef3.rna_seq.augmented_star_gene_counts.tsv	Transcriptome Profiling	Gene Expression Quantification	TCGA-GBM	TCGA-06-0171	TCGA-06-0171-02A	Recurrent Tumor
651cc270-e577-40ba-9c8d-e4c36e5118ca	24397ba5-84a8-46da-a55d-5764690dc17c.rna_seq.augmented_star_gene_counts.tsv	Transcriptome Profiling	Gene Expression Quantification	TCGA-GBM	TCGA-12-0619	TCGA-12-0619-01A	Primary Tumor
4b88ba3b-6b4b-42b4-a64d-d45358cef26d	f505fb40-a27a-4a6a-9a3d-1f11a4b834b3.rna_seq.augmented_star_gene_counts.tsv	Transcriptome Profiling	Gene Expression Quantification	TCGA-GBM	TCGA-06-0750	TCGA-06-0750-01A	Primary Tumor
dfbc7136-f7f7-4c2f-93a1-c46b2247cce5	7a25193c-a87d-4929-b724-3d89553fa028.rna_seq.augmented_star_gene_counts.tsv	Transcriptome Profiling	Gene Expression Quantification	TCGA-GBM	TCGA-32-2634	TCGA-32-2634-01A	Primary Tumor
f9fd3da8-5a2d-4f4d-a91c-4ab3f8666a97	f2d885c3-e234-4584-a071-98ccbb871553.rna_seq.augmented_star_gene_counts.tsv	Transcriptome Profiling	Gene Expression Quantification	TCGA-GBM	TCGA-41-2572	TCGA-41-2572-01A	Primary Tumor
d8b840c7-e6cd-4cf9-824f-131fb18bf3b4	08dce278-ba8d-4ba0-90a1-e40820fd1740.rna_seq.augmented_star_gene_counts.tsv	Transcriptome Profiling	Gene Expression Quantification	TCGA-GBM	TCGA-06-0221	TCGA-06-0221-02A	Recurrent Tumor
20445437-9781-49d6-b55a-afafcc33c459	64c28835-3395-4328-887f-b2bf042c3d9a.rna_seq.augmented_star_gene_counts.tsv	Transcriptome Profiling	Gene Expression Quantification	TCGA-GBM	TCGA-28-1747	TCGA-28-1747-01C	Primary Tumor
3071ca0c-c031-4fe2-a534-e7de322bc4ae	bdd0d102-23f1-4b2d-9080-4eb1c933ddd7.rna_seq.augmented_star_gene_counts.tsv	Transcriptome Profiling	Gene Expression Quantification	TCGA-GBM	TCGA-27-2519	TCGA-27-2519-01A	Primary Tumor
f93cd112-520d-408d-a15d-3451f2bacdfd	a8050792-d0f5-4b8f-aea2-0a303f40b1ca.rna_seq.augmented_star_gene_counts.tsv	Transcriptome Profiling	Gene Expression Quantification	TCGA-GBM	TCGA-26-5134	TCGA-26-5134-01A	Primary Tumor
4bed9101-07f4-4d76-b79f-6eb8de04bd19	2856d609-b09a-486e-8552-23abaa1df201.rna_seq.augmented_star_gene_counts.tsv	Transcriptome Profiling	Gene Expression Quantification	TCGA-GBM	TCGA-06-0675	TCGA-06-0675-11A	Solid Tissue Normal
629c9424-1e68-4f73-abe3-22fbd3fbbad5	f489cec9-6f4b-4364-b85a-d34cbc8c2015.rna_seq.augmented_star_gene_counts.tsv	Transcriptome Profiling	Gene Expression Quantification	TCGA-GBM	TCGA-06-1804	TCGA-06-1804-01A	Primary Tumor
f3c448ec-974c-433f-a552-f57f64453628	f9e9b712-c1a2-4821-924f-027e2ce78d90.rna_seq.augmented_star_gene_counts.tsv	Transcriptome Profiling	Gene Expression Quantification	TCGA-GBM	TCGA-14-1829	TCGA-14-1829-01A	Primary Tumor
60da8783-0760-4366-8647-f3284195592f	e8c1b868-8139-4831-9c66-32f22d556f29.rna_seq.augmented_star_gene_counts.tsv	Transcriptome Profiling	Gene Expression Quantification	TCGA-GBM	TCGA-06-0184	TCGA-06-0184-01A	Primary Tumor
e1f33468-f9c4-4b1a-8cd5-b2c77cc80dc9	5cafc8c0-a92c-407a-ad52-a2d9562c0bfa.rna_seq.augmented_star_gene_counts.tsv	Transcriptome Profiling	Gene Expression Quantification	TCGA-GBM	TCGA-32-2638	TCGA-32-2638-01A	Primary Tumor
7888f7b7-38da-4cc7-b542-836b193adfbf	75615deb-e120-44f6-a585-1ca07987b7ef.rna_seq.augmented_star_gene_counts.tsv	Transcriptome Profiling	Gene Expression Quantification	TCGA-GBM	TCGA-12-3652	TCGA-12-3652-01A	Primary Tumor
9c73dcae-262a-4473-a999-3ec148b733ed	79b783ac-103f-47a6-bc4b-8498a0be46ac.rna_seq.augmented_star_gene_counts.tsv	Transcriptome Profiling	Gene Expression Quantification	TCGA-GBM	TCGA-28-5209	TCGA-28-5209-01A	Primary Tumor
bc8a7421-4529-42de-a66c-f815138fe015	e36091c6-d62c-4997-bb9f-7192b73f12ed.rna_seq.augmented_star_gene_counts.tsv	Transcriptome Profiling	Gene Expression Quantification	TCGA-GBM	TCGA-76-4925	TCGA-76-4925-01A	Primary Tumor
